INSERT INTO blog.user (id, firstname, lastname, email, password, image, role) VALUES (2, 'Admin', 'Admin', 'admin@example.com', '8c6976e5b5410415bde908bd4dee15dfb167a9c873fc4bb8a81f6f2ab448a918', 'uploads/default_user_profil_pic.png', 'admin');
INSERT INTO blog.user (id, firstname, lastname, email, password, image, role) VALUES (3, 'Mod', 'Mod', 'mod@example.com', 'e55cffc81a5ad8cfe85239d944a3ae9513645a9eed79bc884f51b80b2760fc46', 'uploads/default_user_profil_pic.png', 'author');
INSERT INTO blog.user (id, firstname, lastname, email, password, image, role) VALUES (4, 'Sub', 'Sub', 'sub@example.com', 'ddc6e2b224d0fd821669202258386936fc9ce2899e215eec6322b95f8dd96d6a', 'uploads/df-high-resolution-logo-transparent.png', 'subscriber');

INSERT INTO blog.post (id, title, chapo, image, content, created_at, updated_at, id_user) VALUES (2, 'Lorem ipsum dolor sit amet', 'Vestibulum pulvinar enim non efficitur vehicula. Curabitur a facilisis turpis. Lorem ipsum dolor sit amet, consectetur adipiscing elit', 'uploads/default_post_pic.jpg', 'Nam sed lorem nec leo iaculis scelerisque. Nulla et dui rutrum nunc dapibus mattis laoreet nec nulla. Morbi maximus tellus urna, in maximus augue convallis sit amet. In quis neque eget quam pellentesque facilisis. In hac habitasse platea dictumst. Ut viverra sollicitudin urna, quis pretium nisi tempus non. Sed fringilla, enim in ultrices rhoncus, enim lorem auctor lectus, eget convallis enim orci ac lorem. Donec ut blandit dui', '2024-09-17 19:09:40', '2024-09-17 19:09:40', 2);
INSERT INTO blog.post (id, title, chapo, image, content, created_at, updated_at, id_user) VALUES (3, 'Suspendisse in sapien odio. Ut luctus posuere porttitor', 'Suspendisse fermentum, velit sed vestibulum interdum, velit nisi posuere turpis, ut gravida lectus est vel nulla. Donec commodo feugiat orci, at eleifend sem pharetra nec. Vestibulum finibus velit sollicitudin mauris varius, eu placerat nisl accumsan', 'uploads/default_post_pic.jpg', 'Suspendisse fermentum, velit sed vestibulum interdum, velit nisi posuere turpis, ut gravida lectus est vel nulla. Donec commodo feugiat orci, at eleifend sem pharetra nec. Vestibulum finibus velit sollicitudin mauris varius, eu placerat nisl accumsan",uploads/default_post_pic.jpg,"Pellentesque fermentum venenatis maximus. Donec nec venenatis felis, non dignissim lorem. Pellentesque velit turpis, laoreet nec nunc non, finibus fermentum nibh. Vestibulum vel justo hendrerit, posuere nibh vitae, imperdiet libero. Sed velit mi, suscipit auctor pretium eu, fringilla scelerisque dolor.Vestibulum fermentum, nisi ac vestibulum mollis, nulla nulla mollis odio, quis vulputate lectus nulla eget massa. Nullam lacinia, velit quis bibendum mattis, velit mauris dapibus nisi, id ornare mi ante id quam. Nunc vitae felis tellus. Aliquam viverra, justo eu lobortis euismod, dui velit scelerisque lorem, eleifend congue ex eros id odio. Praesent ornare malesuada ante, eget molestie quam eleifend eget. Quisque pharetra fringilla libero, et fermentum enim scelerisque non. In sollicitudin mi vitae lorem blandit sollicitudin. Proin sed sapien leo. Sed tincidunt mattis dictum.', '2024-09-17 19:23:55', '2024-09-17 19:23:55', 3);
INSERT INTO blog.post (id, title, chapo, image, content, created_at, updated_at, id_user) VALUES (4, 'Curabitur cursus, felis quis aliquet elementum, dolor eros scelerisque nibh', 'Vestibulum ante ipsum primis in faucibus orci luctus et ultrices posuere cubilia curae; Morbi lacinia libero id lacinia imperdiet. Maecenas in ultricies enim, id interdum ligula. Curabitur et consectetur leo. Proin sed ex nec felis tempus hendrerit vel vi', 'uploads/ca134758-9751-42ee-8fcb-fba56c152859.jpg', 'Mauris volutpat aliquet orci ut tincidunt. Morbi suscipit elementum tincidunt. Ut eu aliquam sapien. Etiam a sem ipsum. Vestibulum vitae nisi tincidunt, dapibus odio eu, bibendum neque. Nunc sed nisi scelerisque, faucibus neque sit amet, lobortis lorem. Vestibulum pellentesque commodo orci in hendrerit. Ut lobortis sem erat, in feugiat eros blandit et.Vivamus condimentum sagittis mi, eu fringilla nisi aliquam sed. Sed ac erat vel turpis mattis feugiat eget vel erat. Aenean mauris purus, consectetur et velit ut, ullamcorper aliquam nibh. Phasellus sed condimentum mauris. Nam malesuada pharetra quam, vitae bibendum orci mattis ut. Aenean blandit a risus varius euismod. Nulla maximus imperdiet dolor vitae aliquet. Fusce accumsan augue vitae pulvinar rutrum. In nec scelerisque nunc. Sed id urna dui. Vivamus ac augue a massa scelerisque suscipit quis nec justo.', '2024-09-17 19:25:20', '2024-09-17 19:25:20', 3);

INSERT INTO blog.comment (id, message, status, created_at, validated_at, id_user, id_post) VALUES (3, 'Phasellus suscipit, mi ac laoreet pretium, mauris libero efficitur purus', 'validated', '2024-09-17 19:11:09', '2024-09-17 19:18:25', 2, 2);
INSERT INTO blog.comment (id, message, status, created_at, validated_at, id_user, id_post) VALUES (4, 'Curabitur vulputate rhoncus aliquam', 'validated', '2024-09-17 19:18:46', '2024-09-17 19:18:55', 2, 2);
INSERT INTO blog.comment (id, message, status, created_at, validated_at, id_user, id_post) VALUES (5, 'usce et massa elit. Aliquam nisl velit, varius non orci vitae, semper tincidunt neque', 'refused', '2024-09-17 19:20:21', 'NULL', 2, 2);
INSERT INTO blog.comment (id, message, status, created_at, validated_at, id_user, id_post) VALUES (6, 'Morbi varius malesuada sem ac convallis.', 'validated', '2024-09-17 19:20:31', '2024-09-17 19:20:44', 2, 2);
INSERT INTO blog.comment (id, message, status, created_at, validated_at, id_user, id_post) VALUES (7, 'Aenean placerat quam ac purus condimentum', 'validated', '2024-09-17 19:22:30', '2024-09-17 19:22:51', 3, 2);
INSERT INTO blog.comment (id, message, status, created_at, validated_at, id_user, id_post) VALUES (8, 'Suspendisse ac aliquet ante, vitae feugiat tortor. Etiam et tempor purus. Interdum et malesuada fames ac ante ipsum primis in faucibus. Duis faucibus, quam sit amet interdum sollicitudin, neque orci sollicitudin justo, a pretium sem purus a ante. Suspendisse eu dui ligula. Sed nec ipsum non lorem tempor pulvinar id ac mauris.', 'validated', '2024-09-17 19:24:20', '2024-09-17 19:24:32', 3, 3);
INSERT INTO blog.comment (id, message, status, created_at, validated_at, id_user, id_post) VALUES (9, 'Sed scelerisque dolor ut iaculis aliquam', 'validated', '2024-09-17 19:26:55', '2024-09-17 19:30:10', 4, 4);
